n,m,time,name
10000,10,62,Naive
10000,10,93,Naive
10000,10,78,Naive
10000,10,78,Naive
10000,10,62,Naive
10000,10,62,Naive
10000,10,93,Naive
10000,10,93,Naive
10000,10,62,Naive
10000,10,93,Naive
10000,12,78,Naive
10000,12,62,Naive
10000,12,62,Naive
10000,12,78,Naive
10000,12,93,Naive
10000,12,78,Naive
10000,12,78,Naive
10000,12,93,Naive
10000,12,62,Naive
10000,12,78,Naive
10000,15,78,Naive
10000,15,62,Naive
10000,15,78,Naive
10000,15,77,Naive
10000,15,62,Naive
10000,15,62,Naive
10000,15,93,Naive
10000,15,78,Naive
10000,15,93,Naive
10000,15,78,Naive
10000,20,93,Naive
10000,20,78,Naive
10000,20,77,Naive
10000,20,78,Naive
10000,20,93,Naive
10000,20,78,Naive
10000,20,62,Naive
10000,20,78,Naive
10000,20,93,Naive
10000,20,93,Naive
10000,25,108,Naive
10000,25,93,Naive
10000,25,108,Naive
10000,25,109,Naive
10000,25,93,Naive
10000,25,93,Naive
10000,25,78,Naive
10000,25,78,Naive
10000,25,109,Naive
10000,25,93,Naive
10000,31,93,Naive
10000,31,93,Naive
10000,31,93,Naive
10000,31,78,Naive
10000,31,62,Naive
10000,31,78,Naive
10000,31,78,Naive
10000,31,93,Naive
10000,31,78,Naive
10000,31,78,Naive
10000,40,93,Naive
10000,40,93,Naive
10000,40,93,Naive
10000,40,77,Naive
10000,40,93,Naive
10000,40,93,Naive
10000,40,93,Naive
10000,40,93,Naive
10000,40,109,Naive
10000,40,93,Naive
10000,50,124,Naive
10000,50,93,Naive
10000,50,109,Naive
10000,50,109,Naive
10000,50,109,Naive
10000,50,109,Naive
10000,50,124,Naive
10000,50,109,Naive
10000,50,124,Naive
10000,50,93,Naive
10000,63,124,Naive
10000,63,156,Naive
10000,63,124,Naive
10000,63,139,Naive
10000,63,124,Naive
10000,63,124,Naive
10000,63,124,Naive
10000,63,124,Naive
10000,63,140,Naive
10000,63,156,Naive
10000,80,202,Naive
10000,80,202,Naive
10000,80,155,Naive
10000,80,171,Naive
10000,80,187,Naive
10000,80,202,Naive
10000,80,171,Naive
10000,80,187,Naive
10000,80,171,Naive
10000,80,171,Naive
10000,100,218,Naive
10000,100,233,Naive
10000,100,249,Naive
10000,100,280,Naive
10000,100,264,Naive
10000,100,249,Naive
10000,100,264,Naive
10000,100,249,Naive
10000,100,234,Naive
10000,100,234,Naive
10000,127,312,Naive
10000,127,327,Naive
10000,127,327,Naive
10000,127,312,Naive
10000,127,327,Naive
10000,127,343,Naive
10000,127,327,Naive
10000,127,311,Naive
10000,127,342,Naive
10000,127,343,Naive
10000,160,483,Naive
10000,160,452,Naive
10000,160,483,Naive
10000,160,483,Naive
10000,160,483,Naive
10000,160,498,Naive
10000,160,483,Naive
10000,160,499,Naive
10000,160,498,Naive
10000,160,483,Naive
10000,201,733,Naive
10000,201,780,Naive
10000,201,702,Naive
10000,201,733,Naive
10000,201,748,Naive
10000,201,733,Naive
10000,201,702,Naive
10000,201,686,Naive
10000,201,702,Naive
10000,201,717,Naive
10000,254,1107,Naive
10000,254,1075,Naive
10000,254,1138,Naive
10000,254,1107,Naive
10000,254,1060,Naive
10000,254,1092,Naive
10000,254,1138,Naive
10000,254,1138,Naive
10000,254,1123,Naive
10000,254,1138,Naive
10000,320,1684,Naive
10000,320,1700,Naive
10000,320,1684,Naive
10000,320,1699,Naive
10000,320,1653,Naive
10000,320,1700,Naive
10000,320,1856,Naive
10000,320,1684,Naive
10000,320,1793,Naive
10000,320,1653,Naive
10000,403,2776,Naive
10000,403,2589,Naive
10000,403,2791,Naive
10000,403,2635,Naive
10000,403,2776,Naive
10000,403,2729,Naive
10000,403,2761,Naive
10000,403,2605,Naive
10000,403,2620,Naive
10000,403,2604,Naive
10000,508,4274,Naive
10000,508,4071,Naive
10000,508,4149,Naive
10000,508,4134,Naive
10000,508,4289,Naive
10000,508,4227,Naive
10000,508,4227,Naive
10000,508,4227,Naive
10000,508,4211,Naive
10000,508,4133,Naive
10000,640,6552,Naive
10000,640,6473,Naive
10000,640,6458,Naive
10000,640,6582,Naive
10000,640,6567,Naive
10000,640,6489,Naive
10000,640,6691,Naive
10000,640,6489,Naive
10000,640,6458,Naive
10000,640,6535,Naive
10000,807,10358,Naive
10000,807,10529,Naive
10000,807,10311,Naive
10000,807,10592,Naive
10000,807,10420,Naive
10000,807,10389,Naive
10000,807,10451,Naive
10000,807,10716,Naive
10000,807,10623,Naive
10000,807,10498,Naive
10000,1017,15000,Naive
10000,1017,15000,Naive
10000,1017,15000,Naive
10000,1017,15000,Naive
10000,1017,15000,Naive
10000,1017,15000,Naive
10000,1017,15000,Naive
10000,1017,15000,Naive
10000,1017,15000,Naive
10000,1017,15000,Naive
10000,1281,15000,Naive
10000,1281,15000,Naive
10000,1281,15000,Naive
10000,1281,15000,Naive
10000,1281,15000,Naive
10000,1281,15000,Naive
10000,1281,15000,Naive
10000,1281,15000,Naive
10000,1281,15000,Naive
10000,1281,15000,Naive
10000,1614,15000,Naive
10000,1614,15000,Naive
10000,1614,15000,Naive
10000,1614,15000,Naive
10000,1614,15000,Naive
10000,1614,15000,Naive
10000,1614,15000,Naive
10000,1614,15000,Naive
10000,1614,15000,Naive
10000,1614,15000,Naive
10000,2034,15000,Naive
10000,2034,15000,Naive
10000,2034,15000,Naive
10000,2034,15000,Naive
10000,2034,15000,Naive
10000,2034,15000,Naive
10000,2034,15000,Naive
10000,2034,15000,Naive
10000,2034,15000,Naive
10000,2034,15000,Naive
10000,2563,15000,Naive
10000,2563,15000,Naive
10000,2563,15000,Naive
10000,2563,15000,Naive
10000,2563,15000,Naive
10000,2563,15000,Naive
10000,2563,15000,Naive
10000,2563,15000,Naive
10000,2563,15000,Naive
10000,2563,15000,Naive
10000,3230,15000,Naive
10000,3230,15000,Naive
10000,3230,15000,Naive
10000,3230,15000,Naive
10000,3230,15000,Naive
10000,3230,15000,Naive
10000,3230,15000,Naive
10000,3230,15000,Naive
10000,3230,15000,Naive
10000,3230,15000,Naive
10000,4070,15000,Naive
10000,4070,15000,Naive
10000,4070,15000,Naive
10000,4070,15000,Naive
10000,4070,15000,Naive
10000,4070,15000,Naive
10000,4070,15000,Naive
10000,4070,15000,Naive
10000,4070,15000,Naive
10000,4070,15000,Naive
10000,10,77,Dijkstra
10000,10,62,Dijkstra
10000,10,62,Dijkstra
10000,10,93,Dijkstra
10000,10,93,Dijkstra
10000,10,109,Dijkstra
10000,10,93,Dijkstra
10000,10,109,Dijkstra
10000,10,93,Dijkstra
10000,10,78,Dijkstra
10000,12,78,Dijkstra
10000,12,78,Dijkstra
10000,12,78,Dijkstra
10000,12,62,Dijkstra
10000,12,93,Dijkstra
10000,12,62,Dijkstra
10000,12,93,Dijkstra
10000,12,62,Dijkstra
10000,12,109,Dijkstra
10000,12,62,Dijkstra
10000,15,78,Dijkstra
10000,15,109,Dijkstra
10000,15,93,Dijkstra
10000,15,93,Dijkstra
10000,15,78,Dijkstra
10000,15,62,Dijkstra
10000,15,62,Dijkstra
10000,15,62,Dijkstra
10000,15,62,Dijkstra
10000,15,62,Dijkstra
10000,20,46,Dijkstra
10000,20,78,Dijkstra
10000,20,78,Dijkstra
10000,20,93,Dijkstra
10000,20,78,Dijkstra
10000,20,93,Dijkstra
10000,20,62,Dijkstra
10000,20,93,Dijkstra
10000,20,93,Dijkstra
10000,20,109,Dijkstra
10000,25,62,Dijkstra
10000,25,109,Dijkstra
10000,25,62,Dijkstra
10000,25,77,Dijkstra
10000,25,62,Dijkstra
10000,25,46,Dijkstra
10000,25,62,Dijkstra
10000,25,93,Dijkstra
10000,25,77,Dijkstra
10000,25,77,Dijkstra
10000,31,108,Dijkstra
10000,31,109,Dijkstra
10000,31,78,Dijkstra
10000,31,77,Dijkstra
10000,31,78,Dijkstra
10000,31,62,Dijkstra
10000,31,78,Dijkstra
10000,31,78,Dijkstra
10000,31,78,Dijkstra
10000,31,93,Dijkstra
10000,40,78,Dijkstra
10000,40,78,Dijkstra
10000,40,93,Dijkstra
10000,40,93,Dijkstra
10000,40,78,Dijkstra
10000,40,78,Dijkstra
10000,40,93,Dijkstra
10000,40,93,Dijkstra
10000,40,93,Dijkstra
10000,40,93,Dijkstra
10000,50,93,Dijkstra
10000,50,93,Dijkstra
10000,50,93,Dijkstra
10000,50,78,Dijkstra
10000,50,62,Dijkstra
10000,50,108,Dijkstra
10000,50,46,Dijkstra
10000,50,93,Dijkstra
10000,50,93,Dijkstra
10000,50,62,Dijkstra
10000,63,78,Dijkstra
10000,63,78,Dijkstra
10000,63,93,Dijkstra
10000,63,77,Dijkstra
10000,63,93,Dijkstra
10000,63,93,Dijkstra
10000,63,62,Dijkstra
10000,63,78,Dijkstra
10000,63,62,Dijkstra
10000,63,78,Dijkstra
10000,80,62,Dijkstra
10000,80,78,Dijkstra
10000,80,93,Dijkstra
10000,80,78,Dijkstra
10000,80,93,Dijkstra
10000,80,78,Dijkstra
10000,80,78,Dijkstra
10000,80,78,Dijkstra
10000,80,93,Dijkstra
10000,80,108,Dijkstra
10000,100,93,Dijkstra
10000,100,77,Dijkstra
10000,100,78,Dijkstra
10000,100,78,Dijkstra
10000,100,78,Dijkstra
10000,100,62,Dijkstra
10000,100,78,Dijkstra
10000,100,93,Dijkstra
10000,100,93,Dijkstra
10000,100,93,Dijkstra
10000,127,93,Dijkstra
10000,127,93,Dijkstra
10000,127,93,Dijkstra
10000,127,109,Dijkstra
10000,127,93,Dijkstra
10000,127,78,Dijkstra
10000,127,78,Dijkstra
10000,127,78,Dijkstra
10000,127,78,Dijkstra
10000,127,93,Dijkstra
10000,160,77,Dijkstra
10000,160,78,Dijkstra
10000,160,93,Dijkstra
10000,160,78,Dijkstra
10000,160,109,Dijkstra
10000,160,78,Dijkstra
10000,160,109,Dijkstra
10000,160,93,Dijkstra
10000,160,78,Dijkstra
10000,160,108,Dijkstra
10000,201,140,Dijkstra
10000,201,139,Dijkstra
10000,201,124,Dijkstra
10000,201,109,Dijkstra
10000,201,93,Dijkstra
10000,201,108,Dijkstra
10000,201,108,Dijkstra
10000,201,93,Dijkstra
10000,201,108,Dijkstra
10000,201,108,Dijkstra
10000,254,77,Dijkstra
10000,254,124,Dijkstra
10000,254,109,Dijkstra
10000,254,124,Dijkstra
10000,254,109,Dijkstra
10000,254,139,Dijkstra
10000,254,139,Dijkstra
10000,254,108,Dijkstra
10000,254,124,Dijkstra
10000,254,140,Dijkstra
10000,320,155,Dijkstra
10000,320,139,Dijkstra
10000,320,202,Dijkstra
10000,320,140,Dijkstra
10000,320,156,Dijkstra
10000,320,155,Dijkstra
10000,320,140,Dijkstra
10000,320,156,Dijkstra
10000,320,155,Dijkstra
10000,320,156,Dijkstra
10000,403,202,Dijkstra
10000,403,202,Dijkstra
10000,403,187,Dijkstra
10000,403,202,Dijkstra
10000,403,202,Dijkstra
10000,403,202,Dijkstra
10000,403,186,Dijkstra
10000,403,186,Dijkstra
10000,403,171,Dijkstra
10000,403,217,Dijkstra
10000,508,280,Dijkstra
10000,508,280,Dijkstra
10000,508,249,Dijkstra
10000,508,280,Dijkstra
10000,508,280,Dijkstra
10000,508,296,Dijkstra
10000,508,327,Dijkstra
10000,508,280,Dijkstra
10000,508,311,Dijkstra
10000,508,233,Dijkstra
10000,640,452,Dijkstra
10000,640,374,Dijkstra
10000,640,389,Dijkstra
10000,640,467,Dijkstra
10000,640,452,Dijkstra
10000,640,467,Dijkstra
10000,640,358,Dijkstra
10000,640,389,Dijkstra
10000,640,482,Dijkstra
10000,640,421,Dijkstra
10000,807,685,Dijkstra
10000,807,638,Dijkstra
10000,807,701,Dijkstra
10000,807,717,Dijkstra
10000,807,717,Dijkstra
10000,807,670,Dijkstra
10000,807,623,Dijkstra
10000,807,655,Dijkstra
10000,807,701,Dijkstra
10000,807,639,Dijkstra
10000,1017,1169,Dijkstra
10000,1017,1138,Dijkstra
10000,1017,1138,Dijkstra
10000,1017,1107,Dijkstra
10000,1017,1107,Dijkstra
10000,1017,1107,Dijkstra
10000,1017,1044,Dijkstra
10000,1017,1138,Dijkstra
10000,1017,1029,Dijkstra
10000,1017,1107,Dijkstra
10000,1281,1652,Dijkstra
10000,1281,1606,Dijkstra
10000,1281,1684,Dijkstra
10000,1281,1544,Dijkstra
10000,1281,1747,Dijkstra
10000,1281,1777,Dijkstra
10000,1281,1637,Dijkstra
10000,1281,1621,Dijkstra
10000,1281,1606,Dijkstra
10000,1281,1575,Dijkstra
10000,1614,2480,Dijkstra
10000,1614,2589,Dijkstra
10000,1614,2636,Dijkstra
10000,1614,2464,Dijkstra
10000,1614,2729,Dijkstra
10000,1614,2636,Dijkstra
10000,1614,2620,Dijkstra
10000,1614,2667,Dijkstra
10000,1614,2652,Dijkstra
10000,1614,2605,Dijkstra
10000,2034,4632,Dijkstra
10000,2034,4461,Dijkstra
10000,2034,4320,Dijkstra
10000,2034,4632,Dijkstra
10000,2034,4211,Dijkstra
10000,2034,4383,Dijkstra
10000,2034,4242,Dijkstra
10000,2034,4243,Dijkstra
10000,2034,4227,Dijkstra
10000,2034,4258,Dijkstra
10000,2563,6785,Dijkstra
10000,2563,7004,Dijkstra
10000,2563,7300,Dijkstra
10000,2563,6894,Dijkstra
10000,2563,7409,Dijkstra
10000,2563,7051,Dijkstra
10000,2563,6676,Dijkstra
10000,2563,6894,Dijkstra
10000,2563,6863,Dijkstra
10000,2563,7128,Dijkstra
10000,3230,12074,Dijkstra
10000,3230,11388,Dijkstra
10000,3230,11138,Dijkstra
10000,3230,11730,Dijkstra
10000,3230,11496,Dijkstra
10000,3230,11138,Dijkstra
10000,3230,11465,Dijkstra
10000,3230,11153,Dijkstra
10000,3230,11231,Dijkstra
10000,3230,11480,Dijkstra
10000,4070,15000,Dijkstra
10000,4070,15000,Dijkstra
10000,4070,15000,Dijkstra
10000,4070,15000,Dijkstra
10000,4070,15000,Dijkstra
10000,4070,15000,Dijkstra
10000,4070,15000,Dijkstra
10000,4070,15000,Dijkstra
10000,4070,15000,Dijkstra
10000,4070,15000,Dijkstra
10000,10,109,Sparse
10000,10,93,Sparse
10000,10,78,Sparse
10000,10,93,Sparse
10000,10,108,Sparse
10000,10,93,Sparse
10000,10,124,Sparse
10000,10,109,Sparse
10000,10,78,Sparse
10000,10,78,Sparse
10000,12,93,Sparse
10000,12,93,Sparse
10000,12,109,Sparse
10000,12,78,Sparse
10000,12,108,Sparse
10000,12,93,Sparse
10000,12,78,Sparse
10000,12,78,Sparse
10000,12,93,Sparse
10000,12,93,Sparse
10000,15,109,Sparse
10000,15,93,Sparse
10000,15,109,Sparse
10000,15,93,Sparse
10000,15,62,Sparse
10000,15,93,Sparse
10000,15,93,Sparse
10000,15,109,Sparse
10000,15,109,Sparse
10000,15,109,Sparse
10000,20,109,Sparse
10000,20,124,Sparse
10000,20,139,Sparse
10000,20,124,Sparse
10000,20,124,Sparse
10000,20,171,Sparse
10000,20,109,Sparse
10000,20,140,Sparse
10000,20,93,Sparse
10000,20,109,Sparse
10000,25,171,Sparse
10000,25,140,Sparse
10000,25,171,Sparse
10000,25,171,Sparse
10000,25,124,Sparse
10000,25,156,Sparse
10000,25,140,Sparse
10000,25,171,Sparse
10000,25,156,Sparse
10000,25,140,Sparse
10000,31,217,Sparse
10000,31,171,Sparse
10000,31,171,Sparse
10000,31,187,Sparse
10000,31,171,Sparse
10000,31,171,Sparse
10000,31,187,Sparse
10000,31,202,Sparse
10000,31,187,Sparse
10000,31,171,Sparse
10000,40,296,Sparse
10000,40,249,Sparse
10000,40,249,Sparse
10000,40,249,Sparse
10000,40,295,Sparse
10000,40,265,Sparse
10000,40,280,Sparse
10000,40,296,Sparse
10000,40,280,Sparse
10000,40,249,Sparse
10000,50,343,Sparse
10000,50,358,Sparse
10000,50,390,Sparse
10000,50,358,Sparse
10000,50,390,Sparse
10000,50,358,Sparse
10000,50,405,Sparse
10000,50,389,Sparse
10000,50,373,Sparse
10000,50,374,Sparse
10000,63,561,Sparse
10000,63,514,Sparse
10000,63,483,Sparse
10000,63,499,Sparse
10000,63,561,Sparse
10000,63,546,Sparse
10000,63,546,Sparse
10000,63,499,Sparse
10000,63,483,Sparse
10000,63,483,Sparse
10000,80,795,Sparse
10000,80,826,Sparse
10000,80,857,Sparse
10000,80,810,Sparse
10000,80,826,Sparse
10000,80,873,Sparse
10000,80,811,Sparse
10000,80,811,Sparse
10000,80,795,Sparse
10000,80,857,Sparse
10000,100,1263,Sparse
10000,100,1201,Sparse
10000,100,1232,Sparse
10000,100,1201,Sparse
10000,100,1294,Sparse
10000,100,1232,Sparse
10000,100,1248,Sparse
10000,100,1263,Sparse
10000,100,1232,Sparse
10000,100,1232,Sparse
10000,127,1872,Sparse
10000,127,1825,Sparse
10000,127,1871,Sparse
10000,127,1887,Sparse
10000,127,1777,Sparse
10000,127,1856,Sparse
10000,127,1778,Sparse
10000,127,1903,Sparse
10000,127,1778,Sparse
10000,127,1840,Sparse
10000,160,2651,Sparse
10000,160,2885,Sparse
10000,160,2745,Sparse
10000,160,2792,Sparse
10000,160,2730,Sparse
10000,160,2683,Sparse
10000,160,2761,Sparse
10000,160,2776,Sparse
10000,160,2776,Sparse
10000,160,2730,Sparse
10000,201,3790,Sparse
10000,201,3977,Sparse
10000,201,3993,Sparse
10000,201,3900,Sparse
10000,201,3931,Sparse
10000,201,3900,Sparse
10000,201,3868,Sparse
10000,201,3868,Sparse
10000,201,3884,Sparse
10000,201,3868,Sparse
10000,254,5569,Sparse
10000,254,5584,Sparse
10000,254,5506,Sparse
10000,254,5599,Sparse
10000,254,5662,Sparse
10000,254,5600,Sparse
10000,254,5740,Sparse
10000,254,5709,Sparse
10000,254,5599,Sparse
10000,254,5584,Sparse
10000,320,8142,Sparse
10000,320,8142,Sparse
10000,320,8127,Sparse
10000,320,8236,Sparse
10000,320,8267,Sparse
10000,320,8173,Sparse
10000,320,8252,Sparse
10000,320,8267,Sparse
10000,320,8065,Sparse
10000,320,7940,Sparse
10000,403,11262,Sparse
10000,403,11341,Sparse
10000,403,11107,Sparse
10000,403,11450,Sparse
10000,403,11263,Sparse
10000,403,11325,Sparse
10000,403,11075,Sparse
10000,403,11231,Sparse
10000,403,11122,Sparse
10000,403,11262,Sparse
10000,508,15000,Sparse
10000,508,15000,Sparse
10000,508,15000,Sparse
10000,508,15000,Sparse
10000,508,15000,Sparse
10000,508,15000,Sparse
10000,508,15000,Sparse
10000,508,15000,Sparse
10000,508,15000,Sparse
10000,508,14960,Sparse
10000,640,15000,Sparse
10000,640,15000,Sparse
10000,640,15000,Sparse
10000,640,15000,Sparse
10000,640,15000,Sparse
10000,640,15000,Sparse
10000,640,15000,Sparse
10000,640,15000,Sparse
10000,640,15000,Sparse
10000,640,15000,Sparse
10000,807,15000,Sparse
10000,807,15000,Sparse
10000,807,15000,Sparse
10000,807,15000,Sparse
10000,807,15000,Sparse
10000,807,15000,Sparse
10000,807,15000,Sparse
10000,807,15000,Sparse
10000,807,15000,Sparse
10000,807,15000,Sparse
10000,1017,15000,Sparse
10000,1017,15000,Sparse
10000,1017,15000,Sparse
10000,1017,15000,Sparse
10000,1017,15000,Sparse
10000,1017,15000,Sparse
10000,1017,15000,Sparse
10000,1017,15000,Sparse
10000,1017,15000,Sparse
10000,1017,15000,Sparse
10000,1281,15000,Sparse
10000,1281,15000,Sparse
10000,1281,15000,Sparse
10000,1281,15000,Sparse
10000,1281,15000,Sparse
10000,1281,15000,Sparse
10000,1281,15000,Sparse
10000,1281,15000,Sparse
10000,1281,15000,Sparse
10000,1281,15000,Sparse
10000,1614,15000,Sparse
10000,1614,15000,Sparse
10000,1614,15000,Sparse
10000,1614,15000,Sparse
10000,1614,15000,Sparse
10000,1614,15000,Sparse
10000,1614,15000,Sparse
10000,1614,15000,Sparse
10000,1614,15000,Sparse
10000,1614,15000,Sparse
10000,2034,15000,Sparse
10000,2034,15000,Sparse
10000,2034,15000,Sparse
10000,2034,15000,Sparse
10000,2034,15000,Sparse
10000,2034,15000,Sparse
10000,2034,15000,Sparse
10000,2034,15000,Sparse
10000,2034,15000,Sparse
10000,2034,15000,Sparse
10000,2563,15000,Sparse
10000,2563,15000,Sparse
10000,2563,15000,Sparse
10000,2563,15000,Sparse
10000,2563,15000,Sparse
10000,2563,15000,Sparse
10000,2563,15000,Sparse
10000,2563,15000,Sparse
10000,2563,15000,Sparse
10000,2563,15000,Sparse
10000,3230,15000,Sparse
10000,3230,15000,Sparse
10000,3230,15000,Sparse
10000,3230,15000,Sparse
10000,3230,15000,Sparse
10000,3230,15000,Sparse
10000,3230,15000,Sparse
10000,3230,15000,Sparse
10000,3230,15000,Sparse
10000,3230,15000,Sparse
10000,4070,15000,Sparse
10000,4070,15000,Sparse
10000,4070,15000,Sparse
10000,4070,15000,Sparse
10000,4070,15000,Sparse
10000,4070,15000,Sparse
10000,4070,15000,Sparse
10000,4070,15000,Sparse
10000,4070,15000,Sparse
10000,4070,15000,Sparse
10000,10,218,Dense
10000,10,217,Dense
10000,10,249,Dense
10000,10,248,Dense
10000,10,249,Dense
10000,10,265,Dense
10000,10,218,Dense
10000,10,233,Dense
10000,10,233,Dense
10000,10,234,Dense
10000,12,248,Dense
10000,12,233,Dense
10000,12,218,Dense
10000,12,264,Dense
10000,12,233,Dense
10000,12,217,Dense
10000,12,218,Dense
10000,12,249,Dense
10000,12,264,Dense
10000,12,233,Dense
10000,15,249,Dense
10000,15,233,Dense
10000,15,249,Dense
10000,15,248,Dense
10000,15,186,Dense
10000,15,218,Dense
10000,15,233,Dense
10000,15,233,Dense
10000,15,234,Dense
10000,15,233,Dense
10000,20,218,Dense
10000,20,234,Dense
10000,20,233,Dense
10000,20,233,Dense
10000,20,233,Dense
10000,20,234,Dense
10000,20,218,Dense
10000,20,218,Dense
10000,20,233,Dense
10000,20,234,Dense
10000,25,233,Dense
10000,25,233,Dense
10000,25,234,Dense
10000,25,249,Dense
10000,25,217,Dense
10000,25,233,Dense
10000,25,265,Dense
10000,25,217,Dense
10000,25,217,Dense
10000,25,217,Dense
10000,31,234,Dense
10000,31,217,Dense
10000,31,233,Dense
10000,31,280,Dense
10000,31,217,Dense
10000,31,265,Dense
10000,31,233,Dense
10000,31,233,Dense
10000,31,249,Dense
10000,31,218,Dense
10000,40,264,Dense
10000,40,233,Dense
10000,40,217,Dense
10000,40,234,Dense
10000,40,233,Dense
10000,40,202,Dense
10000,40,217,Dense
10000,40,233,Dense
10000,40,233,Dense
10000,40,233,Dense
10000,50,217,Dense
10000,50,249,Dense
10000,50,218,Dense
10000,50,218,Dense
10000,50,233,Dense
10000,50,234,Dense
10000,50,264,Dense
10000,50,234,Dense
10000,50,233,Dense
10000,50,248,Dense
10000,63,233,Dense
10000,63,233,Dense
10000,63,249,Dense
10000,63,249,Dense
10000,63,233,Dense
10000,63,233,Dense
10000,63,234,Dense
10000,63,249,Dense
10000,63,218,Dense
10000,63,249,Dense
10000,80,249,Dense
10000,80,249,Dense
10000,80,233,Dense
10000,80,264,Dense
10000,80,233,Dense
10000,80,249,Dense
10000,80,234,Dense
10000,80,233,Dense
10000,80,217,Dense
10000,80,249,Dense
10000,100,233,Dense
10000,100,233,Dense
10000,100,233,Dense
10000,100,233,Dense
10000,100,218,Dense
10000,100,233,Dense
10000,100,218,Dense
10000,100,233,Dense
10000,100,249,Dense
10000,100,234,Dense
10000,127,249,Dense
10000,127,249,Dense
10000,127,249,Dense
10000,127,249,Dense
10000,127,265,Dense
10000,127,234,Dense
10000,127,265,Dense
10000,127,327,Dense
10000,127,264,Dense
10000,127,233,Dense
10000,160,249,Dense
10000,160,264,Dense
10000,160,249,Dense
10000,160,249,Dense
10000,160,248,Dense
10000,160,264,Dense
10000,160,280,Dense
10000,160,248,Dense
10000,160,265,Dense
10000,160,249,Dense
10000,201,264,Dense
10000,201,265,Dense
10000,201,264,Dense
10000,201,264,Dense
10000,201,264,Dense
10000,201,248,Dense
10000,201,265,Dense
10000,201,264,Dense
10000,201,280,Dense
10000,201,280,Dense
10000,254,280,Dense
10000,254,280,Dense
10000,254,280,Dense
10000,254,311,Dense
10000,254,296,Dense
10000,254,280,Dense
10000,254,280,Dense
10000,254,280,Dense
10000,254,265,Dense
10000,254,280,Dense
10000,320,342,Dense
10000,320,327,Dense
10000,320,311,Dense
10000,320,327,Dense
10000,320,327,Dense
10000,320,280,Dense
10000,320,296,Dense
10000,320,327,Dense
10000,320,296,Dense
10000,320,312,Dense
10000,403,358,Dense
10000,403,342,Dense
10000,403,374,Dense
10000,403,358,Dense
10000,403,342,Dense
10000,403,358,Dense
10000,403,358,Dense
10000,403,389,Dense
10000,403,358,Dense
10000,403,358,Dense
10000,508,405,Dense
10000,508,420,Dense
10000,508,420,Dense
10000,508,405,Dense
10000,508,421,Dense
10000,508,404,Dense
10000,508,452,Dense
10000,508,436,Dense
10000,508,436,Dense
10000,508,420,Dense
10000,640,592,Dense
10000,640,561,Dense
10000,640,545,Dense
10000,640,561,Dense
10000,640,561,Dense
10000,640,530,Dense
10000,640,592,Dense
10000,640,560,Dense
10000,640,545,Dense
10000,640,545,Dense
10000,807,826,Dense
10000,807,811,Dense
10000,807,763,Dense
10000,807,763,Dense
10000,807,795,Dense
10000,807,748,Dense
10000,807,764,Dense
10000,807,764,Dense
10000,807,826,Dense
10000,807,811,Dense
10000,1017,1170,Dense
10000,1017,1154,Dense
10000,1017,1169,Dense
10000,1017,1154,Dense
10000,1017,1169,Dense
10000,1017,1138,Dense
10000,1017,1154,Dense
10000,1017,1169,Dense
10000,1017,1154,Dense
10000,1017,1153,Dense
10000,1281,2043,Dense
10000,1281,1950,Dense
10000,1281,2074,Dense
10000,1281,2027,Dense
10000,1281,1996,Dense
10000,1281,1902,Dense
10000,1281,1996,Dense
10000,1281,1949,Dense
10000,1281,1980,Dense
10000,1281,1964,Dense
10000,1614,3587,Dense
10000,1614,3665,Dense
10000,1614,3572,Dense
10000,1614,3619,Dense
10000,1614,3572,Dense
10000,1614,3587,Dense
10000,1614,3588,Dense
10000,1614,3790,Dense
10000,1614,3712,Dense
10000,1614,3540,Dense
10000,2034,7191,Dense
10000,2034,6972,Dense
10000,2034,7191,Dense
10000,2034,7268,Dense
10000,2034,7159,Dense
10000,2034,6988,Dense
10000,2034,7160,Dense
10000,2034,7144,Dense
10000,2034,7222,Dense
10000,2034,7144,Dense
10000,2563,14881,Dense
10000,2563,14742,Dense
10000,2563,15000,Dense
10000,2563,14850,Dense
10000,2563,14851,Dense
10000,2563,14819,Dense
10000,2563,14757,Dense
10000,2563,14991,Dense
10000,2563,14632,Dense
10000,2563,14539,Dense
10000,3230,15000,Dense
10000,3230,15000,Dense
10000,3230,15000,Dense
10000,3230,15000,Dense
10000,3230,15000,Dense
10000,3230,15000,Dense
10000,3230,15000,Dense
10000,3230,15000,Dense
10000,3230,15000,Dense
10000,3230,15000,Dense
10000,4070,15000,Dense
10000,4070,15000,Dense
10000,4070,15000,Dense
10000,4070,15000,Dense
10000,4070,15000,Dense
10000,4070,15000,Dense
10000,4070,15000,Dense
10000,4070,15000,Dense
10000,4070,15000,Dense
10000,4070,15000,Dense
10000,10,186,Quad
10000,10,171,Quad
10000,10,186,Quad
10000,10,202,Quad
10000,10,186,Quad
10000,10,171,Quad
10000,10,171,Quad
10000,10,187,Quad
10000,10,155,Quad
10000,10,170,Quad
10000,12,170,Quad
10000,12,170,Quad
10000,12,171,Quad
10000,12,171,Quad
10000,12,155,Quad
10000,12,171,Quad
10000,12,202,Quad
10000,12,170,Quad
10000,12,171,Quad
10000,12,187,Quad
10000,15,171,Quad
10000,15,202,Quad
10000,15,170,Quad
10000,15,171,Quad
10000,15,186,Quad
10000,15,171,Quad
10000,15,186,Quad
10000,15,171,Quad
10000,15,186,Quad
10000,15,186,Quad
10000,20,202,Quad
10000,20,187,Quad
10000,20,186,Quad
10000,20,171,Quad
10000,20,170,Quad
10000,20,171,Quad
10000,20,170,Quad
10000,20,186,Quad
10000,20,170,Quad
10000,20,171,Quad
10000,25,187,Quad
10000,25,170,Quad
10000,25,171,Quad
10000,25,187,Quad
10000,25,171,Quad
10000,25,187,Quad
10000,25,187,Quad
10000,25,171,Quad
10000,25,186,Quad
10000,25,171,Quad
10000,31,218,Quad
10000,31,170,Quad
10000,31,155,Quad
10000,31,186,Quad
10000,31,187,Quad
10000,31,186,Quad
10000,31,171,Quad
10000,31,186,Quad
10000,31,186,Quad
10000,31,171,Quad
10000,40,170,Quad
10000,40,171,Quad
10000,40,171,Quad
10000,40,187,Quad
10000,40,171,Quad
10000,40,186,Quad
10000,40,202,Quad
10000,40,187,Quad
10000,40,170,Quad
10000,40,171,Quad
10000,50,170,Quad
10000,50,187,Quad
10000,50,171,Quad
10000,50,171,Quad
10000,50,171,Quad
10000,50,171,Quad
10000,50,170,Quad
10000,50,171,Quad
10000,50,202,Quad
10000,50,187,Quad
10000,63,171,Quad
10000,63,187,Quad
10000,63,186,Quad
10000,63,170,Quad
10000,63,171,Quad
10000,63,171,Quad
10000,63,171,Quad
10000,63,186,Quad
10000,63,187,Quad
10000,63,186,Quad
10000,80,186,Quad
10000,80,171,Quad
10000,80,171,Quad
10000,80,186,Quad
10000,80,186,Quad
10000,80,187,Quad
10000,80,187,Quad
10000,80,186,Quad
10000,80,170,Quad
10000,80,171,Quad
10000,100,202,Quad
10000,100,202,Quad
10000,100,171,Quad
10000,100,202,Quad
10000,100,187,Quad
10000,100,170,Quad
10000,100,186,Quad
10000,100,186,Quad
10000,100,187,Quad
10000,100,202,Quad
10000,127,217,Quad
10000,127,217,Quad
10000,127,187,Quad
10000,127,186,Quad
10000,127,202,Quad
10000,127,186,Quad
10000,127,171,Quad
10000,127,202,Quad
10000,127,187,Quad
10000,127,202,Quad
10000,160,187,Quad
10000,160,218,Quad
10000,160,202,Quad
10000,160,218,Quad
10000,160,217,Quad
10000,160,202,Quad
10000,160,234,Quad
10000,160,202,Quad
10000,160,249,Quad
10000,160,218,Quad
10000,201,233,Quad
10000,201,218,Quad
10000,201,218,Quad
10000,201,202,Quad
10000,201,202,Quad
10000,201,233,Quad
10000,201,218,Quad
10000,201,233,Quad
10000,201,233,Quad
10000,201,202,Quad
10000,254,233,Quad
10000,254,233,Quad
10000,254,233,Quad
10000,254,233,Quad
10000,254,249,Quad
10000,254,233,Quad
10000,254,218,Quad
10000,254,233,Quad
10000,254,233,Quad
10000,254,218,Quad
10000,320,264,Quad
10000,320,264,Quad
10000,320,264,Quad
10000,320,265,Quad
10000,320,265,Quad
10000,320,296,Quad
10000,320,280,Quad
10000,320,280,Quad
10000,320,296,Quad
10000,320,264,Quad
10000,403,296,Quad
10000,403,312,Quad
10000,403,312,Quad
10000,403,311,Quad
10000,403,327,Quad
10000,403,296,Quad
10000,403,312,Quad
10000,403,326,Quad
10000,403,280,Quad
10000,403,327,Quad
10000,508,374,Quad
10000,508,358,Quad
10000,508,389,Quad
10000,508,405,Quad
10000,508,374,Quad
10000,508,389,Quad
10000,508,358,Quad
10000,508,374,Quad
10000,508,358,Quad
10000,508,358,Quad
10000,640,529,Quad
10000,640,499,Quad
10000,640,498,Quad
10000,640,483,Quad
10000,640,514,Quad
10000,640,545,Quad
10000,640,514,Quad
10000,640,514,Quad
10000,640,498,Quad
10000,640,514,Quad
10000,807,670,Quad
10000,807,686,Quad
10000,807,686,Quad
10000,807,764,Quad
10000,807,654,Quad
10000,807,701,Quad
10000,807,655,Quad
10000,807,654,Quad
10000,807,639,Quad
10000,807,654,Quad
10000,1017,904,Quad
10000,1017,904,Quad
10000,1017,935,Quad
10000,1017,935,Quad
10000,1017,920,Quad
10000,1017,889,Quad
10000,1017,904,Quad
10000,1017,888,Quad
10000,1017,904,Quad
10000,1017,919,Quad
10000,1281,1419,Quad
10000,1281,1325,Quad
10000,1281,1418,Quad
10000,1281,1372,Quad
10000,1281,1465,Quad
10000,1281,1340,Quad
10000,1281,1356,Quad
10000,1281,1403,Quad
10000,1281,1466,Quad
10000,1281,1340,Quad
10000,1614,1996,Quad
10000,1614,1934,Quad
10000,1614,1981,Quad
10000,1614,1996,Quad
10000,1614,1980,Quad
10000,1614,1996,Quad
10000,1614,2121,Quad
10000,1614,2090,Quad
10000,1614,2012,Quad
10000,1614,2074,Quad
10000,2034,3119,Quad
10000,2034,3010,Quad
10000,2034,3010,Quad
10000,2034,2917,Quad
10000,2034,3026,Quad
10000,2034,2901,Quad
10000,2034,2947,Quad
10000,2034,2979,Quad
10000,2034,2854,Quad
10000,2034,2932,Quad
10000,2563,4601,Quad
10000,2563,4663,Quad
10000,2563,4632,Quad
10000,2563,4804,Quad
10000,2563,4726,Quad
10000,2563,4632,Quad
10000,2563,4804,Quad
10000,2563,4663,Quad
10000,2563,4695,Quad
10000,2563,4695,Quad
10000,3230,7191,Quad
10000,3230,7300,Quad
10000,3230,7051,Quad
10000,3230,7035,Quad
10000,3230,7425,Quad
10000,3230,6972,Quad
10000,3230,7097,Quad
10000,3230,6894,Quad
10000,3230,7362,Quad
10000,3230,7253,Quad
10000,4070,10482,Quad
10000,4070,11372,Quad
10000,4070,10748,Quad
10000,4070,10841,Quad
10000,4070,10561,Quad
10000,4070,10607,Quad
10000,4070,10685,Quad
10000,4070,10560,Quad
10000,4070,11060,Quad
10000,4070,10826,Quad
10000,10,140,BFS
10000,10,156,BFS
10000,10,124,BFS
10000,10,140,BFS
10000,10,124,BFS
10000,10,124,BFS
10000,10,156,BFS
10000,10,155,BFS
10000,10,140,BFS
10000,10,156,BFS
10000,12,140,BFS
10000,12,140,BFS
10000,12,140,BFS
10000,12,124,BFS
10000,12,156,BFS
10000,12,139,BFS
10000,12,140,BFS
10000,12,124,BFS
10000,12,155,BFS
10000,12,140,BFS
10000,15,124,BFS
10000,15,171,BFS
10000,15,124,BFS
10000,15,140,BFS
10000,15,140,BFS
10000,15,171,BFS
10000,15,140,BFS
10000,15,124,BFS
10000,15,140,BFS
10000,15,140,BFS
10000,20,155,BFS
10000,20,140,BFS
10000,20,171,BFS
10000,20,171,BFS
10000,20,156,BFS
10000,20,155,BFS
10000,20,156,BFS
10000,20,156,BFS
10000,20,156,BFS
10000,20,140,BFS
10000,25,124,BFS
10000,25,156,BFS
10000,25,140,BFS
10000,25,140,BFS
10000,25,139,BFS
10000,25,140,BFS
10000,25,156,BFS
10000,25,140,BFS
10000,25,156,BFS
10000,25,155,BFS
10000,31,140,BFS
10000,31,139,BFS
10000,31,156,BFS
10000,31,124,BFS
10000,31,156,BFS
10000,31,140,BFS
10000,31,140,BFS
10000,31,124,BFS
10000,31,156,BFS
10000,31,156,BFS
10000,40,124,BFS
10000,40,140,BFS
10000,40,155,BFS
10000,40,124,BFS
10000,40,124,BFS
10000,40,140,BFS
10000,40,156,BFS
10000,40,140,BFS
10000,40,140,BFS
10000,40,124,BFS
10000,50,156,BFS
10000,50,140,BFS
10000,50,124,BFS
10000,50,140,BFS
10000,50,140,BFS
10000,50,139,BFS
10000,50,140,BFS
10000,50,140,BFS
10000,50,140,BFS
10000,50,140,BFS
10000,63,156,BFS
10000,63,156,BFS
10000,63,155,BFS
10000,63,156,BFS
10000,63,156,BFS
10000,63,140,BFS
10000,63,156,BFS
10000,63,140,BFS
10000,63,140,BFS
10000,63,140,BFS
10000,80,140,BFS
10000,80,155,BFS
10000,80,156,BFS
10000,80,140,BFS
10000,80,140,BFS
10000,80,156,BFS
10000,80,156,BFS
10000,80,156,BFS
10000,80,156,BFS
10000,80,140,BFS
10000,100,155,BFS
10000,100,171,BFS
10000,100,155,BFS
10000,100,155,BFS
10000,100,140,BFS
10000,100,155,BFS
10000,100,140,BFS
10000,100,171,BFS
10000,100,140,BFS
10000,100,140,BFS
10000,127,155,BFS
10000,127,156,BFS
10000,127,156,BFS
10000,127,140,BFS
10000,127,156,BFS
10000,127,171,BFS
10000,127,140,BFS
10000,127,155,BFS
10000,127,156,BFS
10000,127,186,BFS
10000,160,124,BFS
10000,160,187,BFS
10000,160,155,BFS
10000,160,140,BFS
10000,160,156,BFS
10000,160,140,BFS
10000,160,140,BFS
10000,160,124,BFS
10000,160,155,BFS
10000,160,187,BFS
10000,201,155,BFS
10000,201,155,BFS
10000,201,156,BFS
10000,201,156,BFS
10000,201,140,BFS
10000,201,140,BFS
10000,201,171,BFS
10000,201,156,BFS
10000,201,156,BFS
10000,201,156,BFS
10000,254,156,BFS
10000,254,202,BFS
10000,254,171,BFS
10000,254,156,BFS
10000,254,156,BFS
10000,254,171,BFS
10000,254,187,BFS
10000,254,156,BFS
10000,254,171,BFS
10000,254,140,BFS
10000,320,171,BFS
10000,320,156,BFS
10000,320,156,BFS
10000,320,156,BFS
10000,320,171,BFS
10000,320,171,BFS
10000,320,156,BFS
10000,320,156,BFS
10000,320,171,BFS
10000,320,171,BFS
10000,403,171,BFS
10000,403,202,BFS
10000,403,202,BFS
10000,403,171,BFS
10000,403,187,BFS
10000,403,171,BFS
10000,403,202,BFS
10000,403,202,BFS
10000,403,171,BFS
10000,403,171,BFS
10000,508,187,BFS
10000,508,186,BFS
10000,508,202,BFS
10000,508,187,BFS
10000,508,187,BFS
10000,508,217,BFS
10000,508,202,BFS
10000,508,202,BFS
10000,508,202,BFS
10000,508,187,BFS
10000,640,218,BFS
10000,640,218,BFS
10000,640,234,BFS
10000,640,218,BFS
10000,640,218,BFS
10000,640,218,BFS
10000,640,234,BFS
10000,640,217,BFS
10000,640,233,BFS
10000,640,218,BFS
10000,807,264,BFS
10000,807,280,BFS
10000,807,296,BFS
10000,807,327,BFS
10000,807,280,BFS
10000,807,280,BFS
10000,807,280,BFS
10000,807,265,BFS
10000,807,264,BFS
10000,807,264,BFS
10000,1017,358,BFS
10000,1017,436,BFS
10000,1017,358,BFS
10000,1017,374,BFS
10000,1017,374,BFS
10000,1017,374,BFS
10000,1017,343,BFS
10000,1017,326,BFS
10000,1017,358,BFS
10000,1017,358,BFS
10000,1281,514,BFS
10000,1281,498,BFS
10000,1281,482,BFS
10000,1281,483,BFS
10000,1281,514,BFS
10000,1281,483,BFS
10000,1281,499,BFS
10000,1281,482,BFS
10000,1281,514,BFS
10000,1281,483,BFS
10000,1614,701,BFS
10000,1614,716,BFS
10000,1614,748,BFS
10000,1614,701,BFS
10000,1614,748,BFS
10000,1614,702,BFS
10000,1614,670,BFS
10000,1614,716,BFS
10000,1614,701,BFS
10000,1614,670,BFS
10000,2034,1060,BFS
10000,2034,1091,BFS
10000,2034,1060,BFS
10000,2034,1013,BFS
10000,2034,1029,BFS
10000,2034,1138,BFS
10000,2034,1013,BFS
10000,2034,982,BFS
10000,2034,1013,BFS
10000,2034,1029,BFS
10000,2563,1543,BFS
10000,2563,1590,BFS
10000,2563,1544,BFS
10000,2563,1591,BFS
10000,2563,1559,BFS
10000,2563,1575,BFS
10000,2563,1544,BFS
10000,2563,1544,BFS
10000,2563,1575,BFS
10000,2563,1575,BFS
10000,3230,2355,BFS
10000,3230,2433,BFS
10000,3230,2495,BFS
10000,3230,2464,BFS
10000,3230,2371,BFS
10000,3230,2401,BFS
10000,3230,2464,BFS
10000,3230,2417,BFS
10000,3230,2401,BFS
10000,3230,2355,BFS
10000,4070,3759,BFS
10000,4070,3790,BFS
10000,4070,3962,BFS
10000,4070,3744,BFS
10000,4070,3743,BFS
10000,4070,4040,BFS
10000,4070,3775,BFS
10000,4070,3758,BFS
10000,4070,3728,BFS
10000,4070,3821,BFS
10000,10,140,Sweeping
10000,10,140,Sweeping
10000,10,140,Sweeping
10000,10,140,Sweeping
10000,10,109,Sweeping
10000,10,140,Sweeping
10000,10,140,Sweeping
10000,10,155,Sweeping
10000,10,139,Sweeping
10000,10,156,Sweeping
10000,12,140,Sweeping
10000,12,156,Sweeping
10000,12,140,Sweeping
10000,12,155,Sweeping
10000,12,140,Sweeping
10000,12,140,Sweeping
10000,12,140,Sweeping
10000,12,140,Sweeping
10000,12,156,Sweeping
10000,12,155,Sweeping
10000,15,140,Sweeping
10000,15,156,Sweeping
10000,15,140,Sweeping
10000,15,156,Sweeping
10000,15,140,Sweeping
10000,15,139,Sweeping
10000,15,139,Sweeping
10000,15,155,Sweeping
10000,15,171,Sweeping
10000,15,171,Sweeping
10000,20,171,Sweeping
10000,20,109,Sweeping
10000,20,124,Sweeping
10000,20,140,Sweeping
10000,20,139,Sweeping
10000,20,156,Sweeping
10000,20,139,Sweeping
10000,20,124,Sweeping
10000,20,140,Sweeping
10000,20,139,Sweeping
10000,25,155,Sweeping
10000,25,124,Sweeping
10000,25,171,Sweeping
10000,25,156,Sweeping
10000,25,140,Sweeping
10000,25,124,Sweeping
10000,25,139,Sweeping
10000,25,140,Sweeping
10000,25,139,Sweeping
10000,25,139,Sweeping
10000,31,140,Sweeping
10000,31,139,Sweeping
10000,31,156,Sweeping
10000,31,171,Sweeping
10000,31,140,Sweeping
10000,31,140,Sweeping
10000,31,139,Sweeping
10000,31,124,Sweeping
10000,31,155,Sweeping
10000,31,140,Sweeping
10000,40,156,Sweeping
10000,40,187,Sweeping
10000,40,109,Sweeping
10000,40,155,Sweeping
10000,40,140,Sweeping
10000,40,140,Sweeping
10000,40,155,Sweeping
10000,40,124,Sweeping
10000,40,140,Sweeping
10000,40,140,Sweeping
10000,50,155,Sweeping
10000,50,140,Sweeping
10000,50,124,Sweeping
10000,50,140,Sweeping
10000,50,124,Sweeping
10000,50,156,Sweeping
10000,50,140,Sweeping
10000,50,155,Sweeping
10000,50,140,Sweeping
10000,50,140,Sweeping
10000,63,140,Sweeping
10000,63,140,Sweeping
10000,63,140,Sweeping
10000,63,140,Sweeping
10000,63,156,Sweeping
10000,63,156,Sweeping
10000,63,140,Sweeping
10000,63,124,Sweeping
10000,63,140,Sweeping
10000,63,156,Sweeping
10000,80,140,Sweeping
10000,80,155,Sweeping
10000,80,156,Sweeping
10000,80,156,Sweeping
10000,80,155,Sweeping
10000,80,124,Sweeping
10000,80,140,Sweeping
10000,80,155,Sweeping
10000,80,155,Sweeping
10000,80,140,Sweeping
10000,100,156,Sweeping
10000,100,139,Sweeping
10000,100,140,Sweeping
10000,100,156,Sweeping
10000,100,140,Sweeping
10000,100,139,Sweeping
10000,100,140,Sweeping
10000,100,140,Sweeping
10000,100,124,Sweeping
10000,100,140,Sweeping
10000,127,140,Sweeping
10000,127,140,Sweeping
10000,127,139,Sweeping
10000,127,155,Sweeping
10000,127,139,Sweeping
10000,127,140,Sweeping
10000,127,155,Sweeping
10000,127,156,Sweeping
10000,127,140,Sweeping
10000,127,140,Sweeping
10000,160,171,Sweeping
10000,160,155,Sweeping
10000,160,156,Sweeping
10000,160,140,Sweeping
10000,160,140,Sweeping
10000,160,140,Sweeping
10000,160,124,Sweeping
10000,160,140,Sweeping
10000,160,156,Sweeping
10000,160,109,Sweeping
10000,201,124,Sweeping
10000,201,155,Sweeping
10000,201,156,Sweeping
10000,201,140,Sweeping
10000,201,156,Sweeping
10000,201,155,Sweeping
10000,201,171,Sweeping
10000,201,140,Sweeping
10000,201,156,Sweeping
10000,201,140,Sweeping
10000,254,155,Sweeping
10000,254,171,Sweeping
10000,254,171,Sweeping
10000,254,187,Sweeping
10000,254,140,Sweeping
10000,254,156,Sweeping
10000,254,155,Sweeping
10000,254,156,Sweeping
10000,254,156,Sweeping
10000,254,156,Sweeping
10000,320,171,Sweeping
10000,320,156,Sweeping
10000,320,155,Sweeping
10000,320,156,Sweeping
10000,320,171,Sweeping
10000,320,155,Sweeping
10000,320,156,Sweeping
10000,320,139,Sweeping
10000,320,155,Sweeping
10000,320,171,Sweeping
10000,403,171,Sweeping
10000,403,171,Sweeping
10000,403,156,Sweeping
10000,403,171,Sweeping
10000,403,187,Sweeping
10000,403,156,Sweeping
10000,403,187,Sweeping
10000,403,186,Sweeping
10000,403,171,Sweeping
10000,403,171,Sweeping
10000,508,187,Sweeping
10000,508,171,Sweeping
10000,508,187,Sweeping
10000,508,202,Sweeping
10000,508,187,Sweeping
10000,508,202,Sweeping
10000,508,171,Sweeping
10000,508,202,Sweeping
10000,508,202,Sweeping
10000,508,186,Sweeping
10000,640,218,Sweeping
10000,640,233,Sweeping
10000,640,218,Sweeping
10000,640,218,Sweeping
10000,640,202,Sweeping
10000,640,202,Sweeping
10000,640,234,Sweeping
10000,640,218,Sweeping
10000,640,217,Sweeping
10000,640,218,Sweeping
10000,807,248,Sweeping
10000,807,265,Sweeping
10000,807,249,Sweeping
10000,807,249,Sweeping
10000,807,249,Sweeping
10000,807,264,Sweeping
10000,807,265,Sweeping
10000,807,265,Sweeping
10000,807,248,Sweeping
10000,807,233,Sweeping
10000,1017,326,Sweeping
10000,1017,311,Sweeping
10000,1017,327,Sweeping
10000,1017,358,Sweeping
10000,1017,342,Sweeping
10000,1017,312,Sweeping
10000,1017,326,Sweeping
10000,1017,311,Sweeping
10000,1017,327,Sweeping
10000,1017,311,Sweeping
10000,1281,420,Sweeping
10000,1281,436,Sweeping
10000,1281,420,Sweeping
10000,1281,405,Sweeping
10000,1281,405,Sweeping
10000,1281,404,Sweeping
10000,1281,421,Sweeping
10000,1281,436,Sweeping
10000,1281,436,Sweeping
10000,1281,436,Sweeping
10000,1614,592,Sweeping
10000,1614,576,Sweeping
10000,1614,592,Sweeping
10000,1614,592,Sweeping
10000,1614,576,Sweeping
10000,1614,608,Sweeping
10000,1614,608,Sweeping
10000,1614,607,Sweeping
10000,1614,607,Sweeping
10000,1614,623,Sweeping
10000,2034,872,Sweeping
10000,2034,826,Sweeping
10000,2034,889,Sweeping
10000,2034,841,Sweeping
10000,2034,842,Sweeping
10000,2034,826,Sweeping
10000,2034,842,Sweeping
10000,2034,842,Sweeping
10000,2034,841,Sweeping
10000,2034,795,Sweeping
10000,2563,1278,Sweeping
10000,2563,1247,Sweeping
10000,2563,1216,Sweeping
10000,2563,1201,Sweeping
10000,2563,1263,Sweeping
10000,2563,1248,Sweeping
10000,2563,1263,Sweeping
10000,2563,1310,Sweeping
10000,2563,1200,Sweeping
10000,2563,1263,Sweeping
10000,3230,1887,Sweeping
10000,3230,1840,Sweeping
10000,3230,1871,Sweeping
10000,3230,1887,Sweeping
10000,3230,1856,Sweeping
10000,3230,1887,Sweeping
10000,3230,1918,Sweeping
10000,3230,1887,Sweeping
10000,3230,1949,Sweeping
10000,3230,1855,Sweeping
10000,4070,2885,Sweeping
10000,4070,2932,Sweeping
10000,4070,2869,Sweeping
10000,4070,2854,Sweeping
10000,4070,2807,Sweeping
10000,4070,2901,Sweeping
10000,4070,2870,Sweeping
10000,4070,2854,Sweeping
10000,4070,2839,Sweeping
10000,4070,2869,Sweeping
